Series Name,Series Code,Country Name,Country Code,1990 [YR1990],2000 [YR2000],2011 [YR2011],2012 [YR2012],2013 [YR2013],2014 [YR2014],2015 [YR2015],2016 [YR2016],2017 [YR2017],2018 [YR2018],2019 [YR2019],2020 [YR2020]
CO2 emissions (kt),EN.ATM.CO2E.KT,Afghanistan,AFG,2960,770,12260,10450,8510,7810,7990,7390,7380,7440,..,..
CO2 emissions (kt),EN.ATM.CO2E.KT,Albania,ALB,6050,3170,5040,4580,4790,5220,5070,4930,5600,5560,..,..
CO2 emissions (kt),EN.ATM.CO2E.KT,Algeria,DZA,67890,78590,118140,126640,129910,138810,145970,143350,145100,151670,..,..
CO2 emissions (kt),EN.ATM.CO2E.KT,American Samoa,ASM,..,..,..,..,..,..,..,..,..,..,..,..
CO2 emissions (kt),EN.ATM.CO2E.KT,Andorra,AND,410,520,490,490,480,460,470,470,470,460,..,..
CO2 emissions (kt),EN.ATM.CO2E.KT,Angola,AGO,6330,12370,29460,30250,32820,34630,35160,35410,30840,27340,..,..
CO2 emissions (kt),EN.ATM.CO2E.KT,Antigua and Barbuda,ATG,210,330,510,720,470,480,490,500,500,530,..,..
CO2 emissions (kt),EN.ATM.CO2E.KT,Argentina,ARG,99840,131910,177260,178530,184000,179910,186090,184280,180120,177410,..,..
CO2 emissions (kt),EN.ATM.CO2E.KT,Armenia,ARM,19850,3560,4940,5720,5500,5480,5340,5070,5320,5550,..,..
CO2 emissions (kt),EN.ATM.CO2E.KT,Aruba,ABW,..,..,..,..,..,..,..,..,..,..,..,..
CO2 emissions (kt),EN.ATM.CO2E.KT,Australia,AUS,263600,338810,385770,385770,379270,369880,375970,383960,387200,386620,..,..
CO2 emissions (kt),EN.ATM.CO2E.KT,Austria,AUT,58270,63530,68270,65110,65750,61990,63150,63390,65830,63180,..,..
CO2 emissions (kt),EN.ATM.CO2E.KT,Azerbaijan,AZE,57520,40010,28560,30760,31390,32630,32170,32660,31970,32020,..,..
CO2 emissions (kt),EN.ATM.CO2E.KT,"Bahamas, The",BHS,1780,2140,2420,3640,3110,2620,2370,2190,2150,2260,..,..
CO2 emissions (kt),EN.ATM.CO2E.KT,Bahrain,BHR,10740,15880,26030,26570,28760,30220,30600,30200,30380,30750,..,..
CO2 emissions (kt),EN.ATM.CO2E.KT,Bangladesh,BGD,11520,21650,54420,57990,60580,63800,71690,73740,78710,82760,..,..
CO2 emissions (kt),EN.ATM.CO2E.KT,Barbados,BRB,980,1240,1670,2210,1480,1290,1290,1310,1200,1250,..,..
CO2 emissions (kt),EN.ATM.CO2E.KT,Belarus,BLR,99850,52990,58350,59790,59930,59470,54890,55210,56240,59310,..,..
CO2 emissions (kt),EN.ATM.CO2E.KT,Belgium,BEL,109310,117280,95570,94960,96610,90160,95200,94320,92770,93470,..,..
CO2 emissions (kt),EN.ATM.CO2E.KT,Belize,BLZ,330,450,640,690,500,490,660,650,650,680,..,..
CO2 emissions (kt),EN.ATM.CO2E.KT,Benin,BEN,380,1530,4980,4740,5020,5510,5990,7230,7360,7910,..,..
CO2 emissions (kt),EN.ATM.CO2E.KT,Bermuda,BMU,..,..,..,..,..,..,..,..,..,..,..,..
CO2 emissions (kt),EN.ATM.CO2E.KT,Bhutan,BTN,130,370,670,760,850,940,960,1230,1330,1380,..,..
CO2 emissions (kt),EN.ATM.CO2E.KT,Bolivia,BOL,5680,8000,16450,17250,18560,20170,20410,21610,22250,22710,..,..
CO2 emissions (kt),EN.ATM.CO2E.KT,Bosnia and Herzegovina,BIH,23970,13950,23740,21960,21850,19490,19610,22340,22650,22540,..,..
CO2 emissions (kt),EN.ATM.CO2E.KT,Botswana,BWA,2810,4030,4000,5130,5560,7130,7210,7120,7870,8210,..,..
CO2 emissions (kt),EN.ATM.CO2E.KT,Brazil,BRA,198260,312670,417120,451760,482860,506780,479970,441910,449840,427710,..,..
CO2 emissions (kt),EN.ATM.CO2E.KT,British Virgin Islands,VGB,..,..,..,..,..,..,..,..,..,..,..,..
CO2 emissions (kt),EN.ATM.CO2E.KT,Brunei Darussalam,BRN,3920,4430,7010,7130,7020,6970,5980,6410,6710,7140,..,..
CO2 emissions (kt),EN.ATM.CO2E.KT,Bulgaria,BGR,73560,43330,49670,45120,39820,42230,44690,41740,44040,41130,..,..
CO2 emissions (kt),EN.ATM.CO2E.KT,Burkina Faso,BFA,590,1050,2200,2710,2970,3020,3400,3500,4070,4270,..,..
CO2 emissions (kt),EN.ATM.CO2E.KT,Burundi,BDI,190,260,370,390,410,390,410,460,570,590,..,..
CO2 emissions (kt),EN.ATM.CO2E.KT,Cabo Verde,CPV,100,220,570,530,510,500,500,550,590,620,..,..
CO2 emissions (kt),EN.ATM.CO2E.KT,Cambodia,KHM,1260,1960,5190,5420,5580,6630,8580,9900,11370,11160,..,..
CO2 emissions (kt),EN.ATM.CO2E.KT,Cameroon,CMR,2900,6700,7970,7060,7370,7750,8010,8550,8320,8620,..,..
CO2 emissions (kt),EN.ATM.CO2E.KT,Canada,CAN,419120,515000,547720,547140,556350,561830,558800,550480,562260,574400,..,..
CO2 emissions (kt),EN.ATM.CO2E.KT,Cayman Islands,CYM,..,..,..,..,..,..,..,..,..,..,..,..
CO2 emissions (kt),EN.ATM.CO2E.KT,Central African Republic,CAF,160,240,290,300,300,300,310,310,310,330,..,..
CO2 emissions (kt),EN.ATM.CO2E.KT,Chad,TCD,390,510,820,890,920,940,970,1020,1020,1070,..,..
CO2 emissions (kt),EN.ATM.CO2E.KT,Channel Islands,CHI,..,..,..,..,..,..,..,..,..,..,..,..
CO2 emissions (kt),EN.ATM.CO2E.KT,Chile,CHL,30410,49820,76470,78490,82940,76390,81970,86160,87040,86620,..,..
CO2 emissions (kt),EN.ATM.CO2E.KT,China,CHN,2173360,3344090,9278250,9533210,9936680,9894940,9830430,9814310,10017770,10313460,..,..
CO2 emissions (kt),EN.ATM.CO2E.KT,Colombia,COL,48860,58220,69910,70290,77790,79820,81030,83760,76060,79490,..,..
CO2 emissions (kt),EN.ATM.CO2E.KT,Comoros,COM,70,100,150,150,180,160,180,200,250,260,..,..
CO2 emissions (kt),EN.ATM.CO2E.KT,"Congo, Dem. Rep.",COD,3180,920,2520,2430,3650,4790,2890,2060,2280,2200,..,..
CO2 emissions (kt),EN.ATM.CO2E.KT,"Congo, Rep.",COG,840,2860,4860,4750,4000,4080,3440,3350,3220,3220,..,..
CO2 emissions (kt),EN.ATM.CO2E.KT,Costa Rica,CRI,2870,4950,7430,7450,7780,7830,7540,8080,8180,8260,..,..
CO2 emissions (kt),EN.ATM.CO2E.KT,Cote d'Ivoire,CIV,2710,6330,5990,7890,8460,8960,9560,9320,10380,9910,..,..
CO2 emissions (kt),EN.ATM.CO2E.KT,Croatia,HRV,20330,18050,19040,17460,17040,16340,16680,16940,17480,16580,..,..
CO2 emissions (kt),EN.ATM.CO2E.KT,Cuba,CUB,35410,28200,28540,28850,27350,26880,27490,28450,25650,24970,..,..
CO2 emissions (kt),EN.ATM.CO2E.KT,Curacao,CUW,..,..,..,..,..,..,..,..,..,..,..,..
CO2 emissions (kt),EN.ATM.CO2E.KT,Cyprus,CYP,4560,7070,7550,7020,6380,6750,6780,7150,7300,7230,..,..
CO2 emissions (kt),EN.ATM.CO2E.KT,Czech Republic,CZE,150200,123170,110980,107170,102720,99750,100980,102860,103420,102480,..,..
CO2 emissions (kt),EN.ATM.CO2E.KT,Denmark,DNK,52080,52710,43090,38210,39980,35760,33600,35380,33330,33380,..,..
CO2 emissions (kt),EN.ATM.CO2E.KT,Djibouti,DJI,330,370,480,510,560,460,540,490,470,490,..,..
CO2 emissions (kt),EN.ATM.CO2E.KT,Dominica,DMA,60,130,170,250,170,180,180,180,170,180,..,..
CO2 emissions (kt),EN.ATM.CO2E.KT,Dominican Republic,DOM,7860,18660,20870,21640,21250,21320,23450,24460,23390,25120,..,..
CO2 emissions (kt),EN.ATM.CO2E.KT,Ecuador,ECU,15600,21370,35500,36630,39430,41200,40720,39010,37760,39530,..,..
CO2 emissions (kt),EN.ATM.CO2E.KT,"Egypt, Arab Rep.",EGY,86820,112860,201610,212410,210430,216650,225950,233960,238690,246260,..,..
CO2 emissions (kt),EN.ATM.CO2E.KT,El Salvador,SLV,2380,5630,6780,6770,6460,6590,7000,7170,6380,6810,..,..
CO2 emissions (kt),EN.ATM.CO2E.KT,Equatorial Guinea,GNQ,60,2350,9710,10010,9350,8090,7140,5600,5630,6670,..,..
CO2 emissions (kt),EN.ATM.CO2E.KT,Eritrea,ERI,0,640,580,630,650,680,650,660,720,800,..,..
CO2 emissions (kt),EN.ATM.CO2E.KT,Estonia,EST,35020,14820,18050,16780,19190,17820,15370,15650,16280,16000,..,..
CO2 emissions (kt),EN.ATM.CO2E.KT,Eswatini,SWZ,950,1130,1020,1060,1550,960,1030,1230,1040,1090,..,..
CO2 emissions (kt),EN.ATM.CO2E.KT,Ethiopia,ETH,2310,3560,7540,8460,10280,12330,12880,14950,15460,16280,..,..
CO2 emissions (kt),EN.ATM.CO2E.KT,Faroe Islands,FRO,..,..,..,..,..,..,..,..,..,..,..,..
CO2 emissions (kt),EN.ATM.CO2E.KT,Fiji,FJI,730,850,1110,1030,1130,1310,1510,1740,1810,1900,..,..
CO2 emissions (kt),EN.ATM.CO2E.KT,Finland,FIN,54560,55100,55120,49410,50190,46160,42820,45710,43010,44360,..,..
CO2 emissions (kt),EN.ATM.CO2E.KT,France,FRA,356540,373240,333530,336330,336630,304530,310520,312710,316360,309960,..,..
CO2 emissions (kt),EN.ATM.CO2E.KT,French Polynesia,PYF,..,..,..,..,..,..,..,..,..,..,..,..
CO2 emissions (kt),EN.ATM.CO2E.KT,Gabon,GAB,4130,4670,5640,5830,5700,5500,5480,5710,4700,4610,..,..
CO2 emissions (kt),EN.ATM.CO2E.KT,"Gambia, The",GMB,190,240,450,460,440,520,530,530,540,570,..,..
CO2 emissions (kt),EN.ATM.CO2E.KT,Georgia,GEO,33490,4770,6520,7190,7840,8470,9200,9650,9630,9460,..,..
CO2 emissions (kt),EN.ATM.CO2E.KT,Germany,DEU,955310,830080,746380,760020,777630,737490,742310,747150,732200,709540,..,..
CO2 emissions (kt),EN.ATM.CO2E.KT,Ghana,GHA,2790,5740,12210,14220,15010,14370,15130,14110,14780,16110,..,..
CO2 emissions (kt),EN.ATM.CO2E.KT,Gibraltar,GIB,..,..,..,..,..,..,..,..,..,..,..,..
CO2 emissions (kt),EN.ATM.CO2E.KT,Greece,GRC,75620,94460,84550,80090,72480,69550,68010,66850,66800,65290,..,..
CO2 emissions (kt),EN.ATM.CO2E.KT,Greenland,GRL,..,..,..,..,..,..,..,..,..,..,..,..
CO2 emissions (kt),EN.ATM.CO2E.KT,Grenada,GRD,110,210,290,420,320,250,270,280,290,300,..,..
CO2 emissions (kt),EN.ATM.CO2E.KT,Guam,GUM,..,..,..,..,..,..,..,..,..,..,..,..
CO2 emissions (kt),EN.ATM.CO2E.KT,Guatemala,GTM,3930,9420,11740,12150,13010,13950,16340,17460,16510,18210,..,..
CO2 emissions (kt),EN.ATM.CO2E.KT,Guinea,GIN,1000,1490,2620,2490,2180,2240,2540,2830,2970,3120,..,..
CO2 emissions (kt),EN.ATM.CO2E.KT,Guinea-Bissau,GNB,170,150,250,250,260,280,280,300,300,310,..,..
CO2 emissions (kt),EN.ATM.CO2E.KT,Guyana,GUY,1180,1660,1830,2000,1980,2060,2050,2310,2320,2440,..,..
CO2 emissions (kt),EN.ATM.CO2E.KT,Haiti,HTI,1020,1470,2800,2500,2730,3060,3320,3400,3370,3330,..,..
CO2 emissions (kt),EN.ATM.CO2E.KT,Honduras,HND,2460,5040,8780,9140,9340,9460,9870,9400,9000,9770,..,..
CO2 emissions (kt),EN.ATM.CO2E.KT,"Hong Kong SAR, China",HKG,..,..,..,..,..,..,..,..,..,..,..,..
CO2 emissions (kt),EN.ATM.CO2E.KT,Hungary,HUN,67420,54630,46910,43430,40760,40630,43380,44480,46550,46390,..,..
CO2 emissions (kt),EN.ATM.CO2E.KT,Iceland,ISL,1950,2230,1890,1860,2030,2050,2060,2070,2170,2200,..,..
CO2 emissions (kt),EN.ATM.CO2E.KT,India,IND,562480,940170,1760800,1908570,1966810,2136870,2150220,2183280,2301440,2434520,..,..
CO2 emissions (kt),EN.ATM.CO2E.KT,Indonesia,IDN,147990,280170,480460,486750,454320,490050,490840,494980,532920,583110,..,..
CO2 emissions (kt),EN.ATM.CO2E.KT,"Iran, Islamic Rep.",IRN,179240,340750,561730,571120,592480,610670,602230,605760,620780,629290,..,..
CO2 emissions (kt),EN.ATM.CO2E.KT,Iraq,IRQ,64850,74570,131030,151860,162550,168840,162190,172350,174290,188140,..,..
CO2 emissions (kt),EN.ATM.CO2E.KT,Ireland,IRL,31000,42620,36360,37100,35720,35550,36990,38710,37530,37110,..,..
CO2 emissions (kt),EN.ATM.CO2E.KT,Isle of Man,IMN,..,..,..,..,..,..,..,..,..,..,..,..
CO2 emissions (kt),EN.ATM.CO2E.KT,Israel,ISR,33800,57000,69820,76060,67000,64710,66140,65260,66040,61970,..,..
CO2 emissions (kt),EN.ATM.CO2E.KT,Italy,ITA,405260,436300,396690,376750,346450,327490,337860,333340,329190,324850,..,..
CO2 emissions (kt),EN.ATM.CO2E.KT,Jamaica,JAM,7470,10060,7600,7110,7580,7400,7290,7750,7190,8510,..,..
CO2 emissions (kt),EN.ATM.CO2E.KT,Japan,JPN,1092560,1182950,1212170,1252220,1260900,1219820,1181500,1171390,1151930,1106150,..,..
CO2 emissions (kt),EN.ATM.CO2E.KT,Jordan,JOR,9930,16270,20760,24120,23800,25590,25360,24860,26100,24700,..,..
CO2 emissions (kt),EN.ATM.CO2E.KT,Kazakhstan,KAZ,237570,114680,242190,241490,256340,205230,206640,223020,225560,220450,..,..
CO2 emissions (kt),EN.ATM.CO2E.KT,Kenya,KEN,6140,8230,13030,12130,14100,15030,17090,18770,18890,18400,..,..
CO2 emissions (kt),EN.ATM.CO2E.KT,Kiribati,KIR,20,40,50,60,60,60,60,80,80,80,..,..
CO2 emissions (kt),EN.ATM.CO2E.KT,"Korea, Dem. People's Rep.",PRK,123370,71820,37040,38500,27820,31420,25300,30090,22380,18120,..,..
CO2 emissions (kt),EN.ATM.CO2E.KT,"Korea, Rep.",KOR,249250,455690,597290,598960,597640,586000,606510,614780,625350,630870,..,..
CO2 emissions (kt),EN.ATM.CO2E.KT,Kosovo,XKX,..,..,..,..,..,..,..,..,..,..,..,..
CO2 emissions (kt),EN.ATM.CO2E.KT,Kuwait,KWT,29250,47170,81160,83590,85260,83580,88040,89880,89720,89460,..,..
CO2 emissions (kt),EN.ATM.CO2E.KT,Kyrgyz Republic,KGZ,22760,4670,7620,10060,9380,9710,10270,9700,9340,11000,..,..
CO2 emissions (kt),EN.ATM.CO2E.KT,Lao PDR,LAO,510,900,3040,3270,3910,4420,8660,15360,18510,18790,..,..
CO2 emissions (kt),EN.ATM.CO2E.KT,Latvia,LVA,18780,6930,7900,7570,7450,7280,7320,7150,7120,7630,..,..
CO2 emissions (kt),EN.ATM.CO2E.KT,Lebanon,LBN,5620,15670,21180,23480,23240,24940,27050,27810,29280,27710,..,..
CO2 emissions (kt),EN.ATM.CO2E.KT,Lesotho,LSO,1390,1750,2210,2280,2290,2310,2230,2270,2440,2570,..,..
CO2 emissions (kt),EN.ATM.CO2E.KT,Liberia,LBR,450,430,850,950,910,1220,1260,1410,1260,1320,..,..
CO2 emissions (kt),EN.ATM.CO2E.KT,Libya,LBY,36090,39870,38050,52300,54990,59700,53840,51180,56810,58940,..,..
CO2 emissions (kt),EN.ATM.CO2E.KT,Liechtenstein,LIE,200,220,180,190,190,160,160,150,160,140,..,..
CO2 emissions (kt),EN.ATM.CO2E.KT,Lithuania,LTU,32220,10510,11840,11930,11330,10860,11070,11200,11220,11590,..,..
CO2 emissions (kt),EN.ATM.CO2E.KT,Luxembourg,LUX,11320,8580,10930,10690,10150,9650,9130,8860,9000,9320,..,..
CO2 emissions (kt),EN.ATM.CO2E.KT,"Macao SAR, China",MAC,..,..,..,..,..,..,..,..,..,..,..,..
CO2 emissions (kt),EN.ATM.CO2E.KT,Madagascar,MDG,890,1650,2190,2740,2930,3050,3320,3220,3500,3370,..,..
CO2 emissions (kt),EN.ATM.CO2E.KT,Malawi,MWI,720,880,1140,1120,1210,1100,1200,1360,1500,1570,..,..
CO2 emissions (kt),EN.ATM.CO2E.KT,Malaysia,MYS,56190,121650,201670,203280,219820,231680,232550,228640,222890,239620,..,..
CO2 emissions (kt),EN.ATM.CO2E.KT,Maldives,MDV,160,460,1010,1140,1130,1360,1350,1750,1820,1910,..,..
CO2 emissions (kt),EN.ATM.CO2E.KT,Mali,MLI,420,1410,3120,3110,3050,3120,3410,4420,5050,5620,..,..
CO2 emissions (kt),EN.ATM.CO2E.KT,Malta,MLT,2320,2130,2570,2710,2370,2350,1650,1350,1520,1550,..,..
CO2 emissions (kt),EN.ATM.CO2E.KT,Marshall Islands,MHL,0,100,140,140,140,150,150,180,180,190,..,..
CO2 emissions (kt),EN.ATM.CO2E.KT,Mauritania,MRT,840,1120,2190,2400,2200,2520,2950,2810,3800,4000,..,..
CO2 emissions (kt),EN.ATM.CO2E.KT,Mauritius,MUS,1160,2430,3640,3730,3820,3950,3960,4040,4180,4130,..,..
CO2 emissions (kt),EN.ATM.CO2E.KT,Mexico,MEX,267700,384480,480960,480710,469860,458320,472590,479250,471810,472140,..,..
CO2 emissions (kt),EN.ATM.CO2E.KT,"Micronesia, Fed. Sts.",FSM,0,130,120,130,140,140,150,170,170,180,..,..
CO2 emissions (kt),EN.ATM.CO2E.KT,Moldova,MDA,30530,6710,8350,8140,7180,7710,8020,8140,8160,8590,..,..
CO2 emissions (kt),EN.ATM.CO2E.KT,Monaco,MCO,..,..,..,..,..,..,..,..,..,..,..,..
CO2 emissions (kt),EN.ATM.CO2E.KT,Mongolia,MNG,12970,9000,15730,17140,18380,18120,17300,18170,19470,21320,..,..
CO2 emissions (kt),EN.ATM.CO2E.KT,Montenegro,MNE,0,0,2540,2330,2270,2220,2360,2110,2230,2520,..,..
CO2 emissions (kt),EN.ATM.CO2E.KT,Morocco,MAR,21730,33290,57790,60150,59720,61160,63150,63080,65930,66680,..,..
CO2 emissions (kt),EN.ATM.CO2E.KT,Mozambique,MOZ,1120,1430,3200,3070,3460,4470,5640,5790,6020,6640,..,..
CO2 emissions (kt),EN.ATM.CO2E.KT,Myanmar,MMR,4190,9600,8580,11790,13590,17040,19010,21890,31400,32520,..,..
CO2 emissions (kt),EN.ATM.CO2E.KT,Namibia,NAM,..,1940,3320,3540,3820,4000,4270,4360,4330,4250,..,..
CO2 emissions (kt),EN.ATM.CO2E.KT,Nauru,NRU,130,90,40,40,50,50,50,60,70,70,..,..
CO2 emissions (kt),EN.ATM.CO2E.KT,Nepal,NPL,940,3220,5200,6000,6090,7130,6460,9340,11030,12030,..,..
CO2 emissions (kt),EN.ATM.CO2E.KT,Netherlands,NLD,148350,162300,158870,157520,157120,149890,158110,158270,155910,151170,..,..
CO2 emissions (kt),EN.ATM.CO2E.KT,New Caledonia,NCL,..,..,..,..,..,..,..,..,..,..,..,..
CO2 emissions (kt),EN.ATM.CO2E.KT,New Zealand,NZL,22310,29500,30350,32010,31750,31790,32190,31180,32920,32210,..,..
CO2 emissions (kt),EN.ATM.CO2E.KT,Nicaragua,NIC,1930,3770,4770,4690,4490,4760,5270,5380,5400,5210,..,..
CO2 emissions (kt),EN.ATM.CO2E.KT,Niger,NER,600,670,1410,1890,1790,1980,1970,1970,2070,2290,..,..
CO2 emissions (kt),EN.ATM.CO2E.KT,Nigeria,NGA,67850,76070,102090,100680,110720,116200,108150,108420,112920,130670,..,..
CO2 emissions (kt),EN.ATM.CO2E.KT,North Macedonia,MKD,8590,8820,9640,9130,8240,7780,7480,7390,7860,7370,..,..
CO2 emissions (kt),EN.ATM.CO2E.KT,Northern Mariana Islands,MNP,..,..,..,..,..,..,..,..,..,..,..,..
CO2 emissions (kt),EN.ATM.CO2E.KT,Norway,NOR,29200,34080,40160,39110,38210,38280,38640,37950,36900,37350,..,..
CO2 emissions (kt),EN.ATM.CO2E.KT,Oman,OMN,11890,22540,52380,58650,60990,64470,68300,69540,69900,73370,..,..
CO2 emissions (kt),EN.ATM.CO2E.KT,Pakistan,PAK,61050,98370,141640,143750,145100,153670,163590,180570,197700,208370,..,..
CO2 emissions (kt),EN.ATM.CO2E.KT,Palau,PLW,0,210,220,210,220,220,220,260,270,290,..,..
CO2 emissions (kt),EN.ATM.CO2E.KT,Panama,PAN,2690,5280,9990,10460,10610,11280,10700,10770,10250,10140,..,..
CO2 emissions (kt),EN.ATM.CO2E.KT,Papua New Guinea,PNG,2170,2820,5150,4900,5230,5870,6430,7630,7700,7460,..,..
CO2 emissions (kt),EN.ATM.CO2E.KT,Paraguay,PRY,2070,3520,5220,5180,5300,5630,6370,7150,8000,8420,..,..
CO2 emissions (kt),EN.ATM.CO2E.KT,Peru,PER,20630,28430,48580,48370,49520,52810,53820,56530,53990,54280,..,..
CO2 emissions (kt),EN.ATM.CO2E.KT,Philippines,PHL,40840,73190,84470,88060,97800,104410,113670,124920,136590,142240,..,..
CO2 emissions (kt),EN.ATM.CO2E.KT,Poland,POL,350220,295710,310590,303350,298330,285740,289050,299740,312820,312740,..,..
CO2 emissions (kt),EN.ATM.CO2E.KT,Portugal,PRT,41070,61660,49870,48220,46560,45930,49850,48760,53330,49780,..,..
CO2 emissions (kt),EN.ATM.CO2E.KT,Puerto Rico,PRI,..,..,..,..,..,..,..,..,..,..,..,..
CO2 emissions (kt),EN.ATM.CO2E.KT,Qatar,QAT,12540,21730,65770,73290,74600,80400,83310,85280,87680,90170,..,..
CO2 emissions (kt),EN.ATM.CO2E.KT,Romania,ROU,172630,88880,83950,81730,72010,71410,72900,71140,74100,74880,..,..
CO2 emissions (kt),EN.ATM.CO2E.KT,Russian Federation,RUS,2164870,1489500,1661780,1666860,1624020,1606860,1557530,1530900,1557190,1607550,..,..
CO2 emissions (kt),EN.ATM.CO2E.KT,Rwanda,RWA,520,520,650,720,780,810,930,1050,1050,1080,..,..
CO2 emissions (kt),EN.ATM.CO2E.KT,Samoa,WSM,110,150,200,200,200,210,240,300,300,320,..,..
CO2 emissions (kt),EN.ATM.CO2E.KT,San Marino,SMR,..,..,..,..,..,..,..,..,..,..,..,..
CO2 emissions (kt),EN.ATM.CO2E.KT,Sao Tome and Principe,STP,50,50,100,120,120,120,120,120,130,140,..,..
CO2 emissions (kt),EN.ATM.CO2E.KT,Saudi Arabia,SAU,166390,244340,456670,488750,499380,536810,561140,556740,540700,514600,..,..
CO2 emissions (kt),EN.ATM.CO2E.KT,Senegal,SEN,2330,4060,7570,7460,8010,8570,9280,9920,9570,9860,..,..
CO2 emissions (kt),EN.ATM.CO2E.KT,Serbia,SRB,61910,43990,50810,45450,46150,38720,45160,46240,46900,45540,..,..
CO2 emissions (kt),EN.ATM.CO2E.KT,Seychelles,SYC,150,580,400,450,410,460,500,540,590,620,..,..
CO2 emissions (kt),EN.ATM.CO2E.KT,Sierra Leone,SLE,340,400,770,890,1070,1180,940,960,970,1020,..,..
CO2 emissions (kt),EN.ATM.CO2E.KT,Singapore,SGP,29720,42580,44770,43690,43920,44460,45500,46160,47430,47360,..,..
CO2 emissions (kt),EN.ATM.CO2E.KT,Sint Maarten (Dutch part),SXM,..,..,..,..,..,..,..,..,..,..,..,..
CO2 emissions (kt),EN.ATM.CO2E.KT,Slovak Republic,SVK,54810,38070,34130,32370,32940,30450,30750,31500,33580,33000,..,..
CO2 emissions (kt),EN.ATM.CO2E.KT,Slovenia,SVN,13530,14540,15730,15170,14600,13170,13170,13930,14140,14050,..,..
CO2 emissions (kt),EN.ATM.CO2E.KT,Solomon Islands,SLB,150,240,350,360,390,340,310,360,350,370,..,..
CO2 emissions (kt),EN.ATM.CO2E.KT,Somalia,SOM,730,490,630,630,650,650,650,660,660,690,..,..
CO2 emissions (kt),EN.ATM.CO2E.KT,South Africa,ZAF,247660,284730,409120,426710,436870,447980,424880,425180,435140,433250,..,..
CO2 emissions (kt),EN.ATM.CO2E.KT,South Sudan,SSD,0,0,0,1420,1450,1530,1970,1730,1520,1380,..,..
CO2 emissions (kt),EN.ATM.CO2E.KT,Spain,ESP,215020,293310,274400,269270,242800,240960,256280,247030,263440,258340,..,..
CO2 emissions (kt),EN.ATM.CO2E.KT,Sri Lanka,LKA,3840,10930,15420,16830,14480,17600,20360,21930,23310,21630,..,..
CO2 emissions (kt),EN.ATM.CO2E.KT,St. Kitts and Nevis,KNA,110,190,260,350,230,230,240,250,240,260,..,..
CO2 emissions (kt),EN.ATM.CO2E.KT,St. Lucia,LCA,170,360,380,520,320,360,380,350,370,390,..,..
CO2 emissions (kt),EN.ATM.CO2E.KT,St. Martin (French part),MAF,..,..,..,..,..,..,..,..,..,..,..,..
CO2 emissions (kt),EN.ATM.CO2E.KT,St. Vincent and the Grenadines,VCT,80,160,230,400,220,290,220,270,270,280,..,..
CO2 emissions (kt),EN.ATM.CO2E.KT,Sudan,SDN,5370,5550,15350,15210,14500,15330,17800,20480,20340,20200,..,..
CO2 emissions (kt),EN.ATM.CO2E.KT,Suriname,SUR,1740,1480,1950,2440,2290,2640,2750,2310,2130,2080,..,..
CO2 emissions (kt),EN.ATM.CO2E.KT,Sweden,SWE,53350,53280,44590,42150,40550,39100,39200,38790,38330,36000,..,..
CO2 emissions (kt),EN.ATM.CO2E.KT,Switzerland,CHE,43330,43710,41190,42470,43480,39730,39030,39610,38620,37480,..,..
CO2 emissions (kt),EN.ATM.CO2E.KT,Syrian Arab Republic,SYR,29570,39530,55920,45990,30530,27070,26040,26460,29100,27910,..,..
CO2 emissions (kt),EN.ATM.CO2E.KT,Tajikistan,TJK,11020,2200,2540,2990,3160,4470,4760,5960,6370,7330,..,..
CO2 emissions (kt),EN.ATM.CO2E.KT,Tanzania,TZA,1890,2950,8160,9870,10810,10720,11690,10920,11360,11580,..,..
CO2 emissions (kt),EN.ATM.CO2E.KT,Thailand,THA,88560,163140,234620,252070,262460,258660,263080,260720,260660,257860,..,..
CO2 emissions (kt),EN.ATM.CO2E.KT,Timor-Leste,TLS,0,0,250,300,460,530,610,690,600,640,..,..
CO2 emissions (kt),EN.ATM.CO2E.KT,Togo,TGO,970,1270,2510,2230,1750,1590,1820,2300,2070,2260,..,..
CO2 emissions (kt),EN.ATM.CO2E.KT,Tonga,TON,80,100,110,110,120,110,110,150,180,190,..,..
CO2 emissions (kt),EN.ATM.CO2E.KT,Trinidad and Tobago,TTO,14110,14360,23190,22120,22730,21920,21260,18230,18190,17760,..,..
CO2 emissions (kt),EN.ATM.CO2E.KT,Tunisia,TUN,13750,20930,25720,26680,26770,28830,29670,28990,29890,29980,..,..
CO2 emissions (kt),EN.ATM.CO2E.KT,Turkey,TUR,139220,216620,317720,328880,318170,340640,351590,374590,415900,412970,..,..
CO2 emissions (kt),EN.ATM.CO2E.KT,Turkmenistan,TKM,44650,36850,63410,66300,67780,69490,72080,72020,71960,71730,..,..
CO2 emissions (kt),EN.ATM.CO2E.KT,Turks and Caicos Islands,TCA,..,..,..,..,..,..,..,..,..,..,..,..
CO2 emissions (kt),EN.ATM.CO2E.KT,Tuvalu,TUV,10,10,10,10,10,10,10,10,10,10,..,..
CO2 emissions (kt),EN.ATM.CO2E.KT,Uganda,UGA,790,1330,4160,3910,4270,4740,4860,5670,5840,6130,..,..
CO2 emissions (kt),EN.ATM.CO2E.KT,Ukraine,UKR,688620,297380,283520,277290,268600,237610,190870,201250,174840,185370,..,..
CO2 emissions (kt),EN.ATM.CO2E.KT,United Arab Emirates,ARE,55400,84540,166320,175730,184100,183840,194040,199460,208250,200300,..,..
CO2 emissions (kt),EN.ATM.CO2E.KT,United Kingdom,GBR,556690,530120,444420,467080,453060,414850,400370,378890,366380,358800,..,..
CO2 emissions (kt),EN.ATM.CO2E.KT,United States,USA,4844990,5776410,5172100,4950210,5089500,5102580,4982790,4888640,4813720,4981300,..,..
CO2 emissions (kt),EN.ATM.CO2E.KT,Uruguay,URY,3850,5460,7610,8520,7360,6500,6590,6530,6080,6520,..,..
CO2 emissions (kt),EN.ATM.CO2E.KT,Uzbekistan,UZB,117770,121690,125040,111290,113130,105410,101530,107350,111380,112090,..,..
CO2 emissions (kt),EN.ATM.CO2E.KT,Vanuatu,VUT,70,90,130,120,110,160,140,180,170,180,..,..
CO2 emissions (kt),EN.ATM.CO2E.KT,"Venezuela, RB",VEN,103120,134390,170180,183930,187680,188350,173880,162060,148740,138160,..,..
CO2 emissions (kt),EN.ATM.CO2E.KT,Vietnam,VNM,18410,50310,149020,147270,153630,168560,209200,223870,222130,257860,..,..
CO2 emissions (kt),EN.ATM.CO2E.KT,Virgin Islands (U.S.),VIR,..,..,..,..,..,..,..,..,..,..,..,..
CO2 emissions (kt),EN.ATM.CO2E.KT,West Bank and Gaza,PSE,..,..,..,..,..,..,..,..,..,..,..,..
CO2 emissions (kt),EN.ATM.CO2E.KT,"Yemen, Rep.",YEM,6640,13890,20690,19680,26350,26710,14210,10880,10060,9310,..,..
CO2 emissions (kt),EN.ATM.CO2E.KT,Zambia,ZMB,2740,1810,3060,4020,4240,4800,5070,5590,6990,7740,..,..
CO2 emissions (kt),EN.ATM.CO2E.KT,Zimbabwe,ZWE,16530,13700,11490,12110,12360,12150,12400,10990,10230,12270,..,..
CO2 emissions (kt),EN.ATM.CO2E.KT,Africa Eastern and Southern,AFE,309980.8254427,358460.646325123,535604.357505138,559333.857277447,580510.924988882,601860.163982524,586385.004028878,592299.593958805,601323.394690938,600351.133332593,..,..
CO2 emissions (kt),EN.ATM.CO2E.KT,Africa Western and Central,AFW,90210,119510,179070,181740,191990,198440,193060,195120,201900,224380,..,..
CO2 emissions (kt),EN.ATM.CO2E.KT,Arab World,ARB,639188.590050262,893140.615190274,1564748.61270522,1675996.99451633,1706809.49206951,1784413.19760842,1828844.25666163,1846600.61118379,1865421.54352234,1863603.72668494,..,..
CO2 emissions (kt),EN.ATM.CO2E.KT,Caribbean small states,CSS,28330,32770,41140,42870,41400,40210,39450,36580,35670,36920,..,..
CO2 emissions (kt),EN.ATM.CO2E.KT,Central Europe and the Baltics,CEB,988720,708640,708790,682080,656190,635680,645360,656330,680750,676470,..,..
CO2 emissions (kt),EN.ATM.CO2E.KT,Early-demographic dividend,EAR,2596070.24706693,3860085.63976115,6097436.46226567,6382099.55815815,6455620.42245337,6786314.14661783,6852436.87383323,6961236.5406579,7207207.07929263,7400359.5242425,..,..
CO2 emissions (kt),EN.ATM.CO2E.KT,East Asia & Pacific,EAS,4545253.93044809,6487816.43580857,13409665.6283473,13756716.1009153,14185336.6519105,14155188.4516276,14136568.7385092,14170430.3914366,14433707.8899407,14810056.8744746,..,..
CO2 emissions (kt),EN.ATM.CO2E.KT,East Asia & Pacific (excluding high income),EAP,2671323.18581045,4130609.69867877,10505942.7330843,10794379.6717816,11202249.4835804,11235090.2736051,11228610.1177171,11254610.7431934,11507916.8367761,11907866.4580451,..,..
CO2 emissions (kt),EN.ATM.CO2E.KT,East Asia & Pacific (IDA & IBRD countries),TEA,2548192.68320844,4058990.00582629,10468910,10755870,11174430,11203670,11203310,11224570,11485600,11889820,..,..
CO2 emissions (kt),EN.ATM.CO2E.KT,Euro area,EMU,2622870,2632530,2408310,2379020,2332350,2208030,2256340,2253030,2256530,2207420,..,..
CO2 emissions (kt),EN.ATM.CO2E.KT,Europe & Central Asia,ECS,7974744.74158438,6444224.00804934,6555060.50829955,6516141.96473289,6383963.13354585,6107967.96534974,6069600.2503719,6089580.3055483,6148128.37700757,6142069.26253052,..,..
CO2 emissions (kt),EN.ATM.CO2E.KT,Europe & Central Asia (excluding high income),ECA,4025750.576386,2601084.35631278,3042250.95817305,3033362.49038921,2973728.58759142,2886246.82462307,2807994.23733557,2837305.1372992,2893251.37815284,2949087.38998098,..,..
CO2 emissions (kt),EN.ATM.CO2E.KT,Europe & Central Asia (IDA & IBRD countries),TEC,4395566.83375891,2914549.76673988,3371465.47386607,3353744.43361343,3288680.46728164,3187913.96422831,3113343.34600293,3153613.88405586,3223185.74643835,3278021.79750843,..,..
CO2 emissions (kt),EN.ATM.CO2E.KT,European Union,EUU,3562660,3362290,3117130,3057640,2983560,2838990,2896820,2904100,2926600,2871000,..,..
CO2 emissions (kt),EN.ATM.CO2E.KT,Fragile and conflict affected situations,FCS,446918.890626661,503213.116767381,678687.062279153,723565.512134869,745929.338519784,772835.180645897,731376.557142715,733331.864367626,745603.453982299,771602.929738531,..,..
CO2 emissions (kt),EN.ATM.CO2E.KT,Heavily indebted poor countries (HIPC),HPC,54317.307039064,79050,157750,164190,169460,179610,188990,197520,204450,211980,..,..
CO2 emissions (kt),EN.ATM.CO2E.KT,High income,HIC,11460760.0622572,12997901.2603831,12779818.1652863,12635662.5795046,12733610.9241457,12533637.7248378,12490171.9366894,12388259.1860484,12320925.4316999,12366368.3272107,..,..
CO2 emissions (kt),EN.ATM.CO2E.KT,IBRD only,IBD,8929720.30952364,10029521.56074,18689600,19263990,19763900,19941800,19845450,19902630,20344460,20938730,..,..
CO2 emissions (kt),EN.ATM.CO2E.KT,IDA & IBRD total,IBT,9350193.57130029,10533872.7568032,19417415.8338957,19985125.2009012,20501044.1792102,20703760.9472236,20620736.7416826,20724486.9753909,21220900.8697318,21860535.5217268,..,..
CO2 emissions (kt),EN.ATM.CO2E.KT,IDA blend,IDB,276634.874178646,332532.127055178,414270,400120,415140,423580,424310,449690,474460,505410,..,..
CO2 emissions (kt),EN.ATM.CO2E.KT,IDA only,IDX,139265.523635125,166839.349051692,304298.505835442,311456.663519405,312058.04927499,328591.061064114,341495.372361914,363012.750837155,393010.68776403,407199.314404265,..,..
CO2 emissions (kt),EN.ATM.CO2E.KT,IDA total,IDA,418080.753097669,502087.079223379,720951.601003854,713695.671365683,729482.982087283,754423.089864005,767965.184070425,814983.254246412,869798.90069809,915178.569633271,..,..
CO2 emissions (kt),EN.ATM.CO2E.KT,Late-demographic dividend,LTE,6299585.59887804,6750025.82793282,13652799.9915837,13992356.8476601,14433608.5500354,14360887.3690962,14305417.4529332,14285376.5790834,14543128.4008475,14912796.9216529,..,..
CO2 emissions (kt),EN.ATM.CO2E.KT,Latin America & Caribbean,LCN,899521.560010083,1274171.42570939,1675332.22177943,1734371.90107131,1778631.33007214,1790321.34921568,1782849.90219785,1747810.34046936,1713340.03184698,1689187.43577303,..,..
CO2 emissions (kt),EN.ATM.CO2E.KT,Latin America & Caribbean (excluding high income),LAC,730330,1045530,1365790,1406200,1443720,1463440,1465780,1442170,1421350,1408370,..,..
CO2 emissions (kt),EN.ATM.CO2E.KT,Latin America & the Caribbean (IDA & IBRD countries),TLA,846730,1221880,1615470,1671480,1717780,1730430,1722720,1687450,1656490,1633250,..,..
CO2 emissions (kt),EN.ATM.CO2E.KT,Least developed countries: UN classification,LDC,68556.1550595224,107350.11459104,229443.885422503,239989.639752045,258124.571461542,277684.823890682,288955.977099205,310386.331181776,331230.383124353,338640.029134978,..,..
CO2 emissions (kt),EN.ATM.CO2E.KT,Low & middle income,LMY,8990535.94970945,10119645.0836098,18883932.3989046,19446572.3638731,19948742.9084961,20175506.6731331,20092679.3732224,20201900.8658996,20687299.6833284,21334207.7303944,..,..
CO2 emissions (kt),EN.ATM.CO2E.KT,Low income,LIC,190153.091954135,156041.404149707,185401.146836511,175662.758741662,156787.615063905,163116.881907559,147652.168422256,156142.398541008,152609.069963241,149413.711945085,..,..
CO2 emissions (kt),EN.ATM.CO2E.KT,Lower middle income,LMC,2213573.21729434,2692296.59154791,4380573.046318,4570086.19751872,4652369.52966142,4913355.86867488,4967186.17959693,5095344.99912323,5308121.50077267,5608350.96799786,..,..
CO2 emissions (kt),EN.ATM.CO2E.KT,Middle East & North Africa,MEA,847589.536627642,1286168.13503203,2181023.78876632,2307912.89576013,2351557.04974313,2443881.99341017,2477603.37307382,2495121.2335001,2529043.27594068,2531611.75948543,..,..
CO2 emissions (kt),EN.ATM.CO2E.KT,Middle East & North Africa (excluding high income),MNA,525988.071927235,791901.691033273,1261561.94336795,1323819.53699805,1350387.74359407,1398812.55364594,1385493.21399966,1398550.79791593,1436132.88022854,1470946.39231988,..,..
CO2 emissions (kt),EN.ATM.CO2E.KT,Middle East & North Africa (IDA & IBRD countries),TMN,522460,786590,1253100,1314940,1341330,1389430,1376200,1389170,1426500,1461080,..,..
CO2 emissions (kt),EN.ATM.CO2E.KT,Middle income,MIC,8801316.64689319,9962813.82535409,18693794.2482869,19265560.2010181,19785934.2726487,20006403.9413466,19938728.7904212,20039600.9948248,20528219.1874424,21177938.6673191,..,..
CO2 emissions (kt),EN.ATM.CO2E.KT,North America,NAC,5266383.37670672,6294127.03002909,5722290.1811996,5499724.10453784,5648288.23626019,5666856.25164582,5543983.21017687,5441468.95712913,5378301.68927089,5558099.30377015,..,..
CO2 emissions (kt),EN.ATM.CO2E.KT,Not classified,INX,..,..,..,..,..,..,..,..,..,..,..,..
CO2 emissions (kt),EN.ATM.CO2E.KT,OECD members,OED,11335120,12882420,12449720,12262310,12321670,12094430,12032840,11961830,11924640,11998460,..,..
CO2 emissions (kt),EN.ATM.CO2E.KT,Other small states,OSS,85989.7781562103,91193.056863856,166159.014011309,174865.070771582,180585.332084048,187039.475779308,185983.891530083,187944.262278644,192096.226992261,197072.552738607,..,..
CO2 emissions (kt),EN.ATM.CO2E.KT,Pacific island small states,PSS,1678.35820895522,2010,2480,2410,2570,2760,2950,3490,3590,3780,..,..
CO2 emissions (kt),EN.ATM.CO2E.KT,Post-demographic dividend,PST,11364605.3203623,12285891.4842379,11601466.6569641,11390512.9722928,11455005.4184579,11206623.980318,11060907.2723915,10951803.3587856,10847669.6898607,10935463.9309272,..,..
CO2 emissions (kt),EN.ATM.CO2E.KT,Pre-demographic dividend,PRE,184055.01534866,225894.621850691,393254.791867768,415673.526363849,441800.768949695,461688.971381734,455631.650844057,472632.530486471,479921.506200142,513004.571870087,..,..
CO2 emissions (kt),EN.ATM.CO2E.KT,Small states,SST,116102.94609287,126101.718452802,209810.376198553,220175.350264466,224574.438094766,230018.058195274,228390.998312834,228009.342291027,231343.810692077,237761.658006144,..,..
CO2 emissions (kt),EN.ATM.CO2E.KT,South Asia,SAS,643080,1075940,1991420,2145490,2203550,2389180,2422620,2479230,2622720,2770040,..,..
CO2 emissions (kt),EN.ATM.CO2E.KT,South Asia (IDA & IBRD),TSA,643080,1075940,1991420,2145490,2203550,2389180,2422620,2479230,2622720,2770040,..,..
CO2 emissions (kt),EN.ATM.CO2E.KT,Sub-Saharan Africa,SSF,399239.201788188,477085.654590431,713356.837743714,739647.332613006,771046.219406582,798787.276962011,777968.88796473,785929.452973371,801739.739680406,823424.721830527,..,..
CO2 emissions (kt),EN.ATM.CO2E.KT,Sub-Saharan Africa (excluding high income),SSA,399090.997815705,476503.814780733,712958.585146119,739198.804965916,770638.207769925,798329.066393456,777470.231840796,785390.542931806,801150.551260482,822805.44761491,..,..
CO2 emissions (kt),EN.ATM.CO2E.KT,Sub-Saharan Africa (IDA & IBRD countries),TSS,399239.201788188,477085.654590431,713356.837743714,739647.332613006,771046.219406582,798787.276962011,777968.88796473,785929.452973371,801739.739680406,823424.721830527,..,..
CO2 emissions (kt),EN.ATM.CO2E.KT,Upper middle income,UMC,6587669.65462855,7270665.33125287,14312654.1375522,14694967.8734018,15132986.9235657,15092758.6425208,14971353.4720457,14944211.1376824,15220176.5453778,15569855.4508945,..,..
CO2 emissions (kt),EN.ATM.CO2E.KT,World,WLD,20607832.0596807,23311805.661438,32004027.8518917,32444191.5472416,33053846.5169509,33085191.9751693,32943427.7812085,32940650.0788955,33351608.0948268,34041045.9740377,..,..
,,,,,,,,,,,,,,,
,,,,,,,,,,,,,,,
,,,,,,,,,,,,,,,
Data from database: World Development Indicators,,,,,,,,,,,,,,,
Last Updated: 04/08/2022,,,,,,,,,,,,,,,
